Model,Accuracy (train),Accuracy (test),AUC (train),AUC (test),LogLoss (train),LogLoss (test),Brier (test),AP (test),ECE (test),MCE (test),Inf time (s),Inf ms/sample,ΔAccuracy (train - test),ΔAUC (train - test),ΔLogLoss (test - train)
Tuned MLP,0.9639439507860561,0.9508196721311475,0.9939055602026432,0.9859547578014068,0.09654160899651051,0.1452063545815505,0.03627026826143265,0.9739803858329218,0.01730100932284938,0.051310046797706954,0.04260950000025332,0.02910484972694899,0.013124278654908617,0.007950802401236357,0.04866474558504
RF Final (OOB-tuned),0.9935064935064936,0.9644808743169399,0.9998374273240429,0.9905938716006026,0.04608931694896614,0.10978105205588999,0.027797207306960683,0.9832255238655199,0.019438128201282167,0.07229239875339488,0.08313387498492375,0.05678543373287141,0.02902561918955371,0.009243555723440267,0.06369173510692386
KNN Final (k=27),0.9400205058099795,0.930327868852459,0.9842937560693346,0.9735874006871958,0.1515020424375862,0.2924666598985031,0.05504302622800903,0.9356588318250663,0.01208919343378575,0.05893484725601514,0.050985583977308124,0.03482621856373506,0.00969263695752054,0.01070635538213871,0.14096461746091693
